Member,Rank,Joined,Parent,Total XP,Last Rank Date,Active Count,Rank Challenge Attempts,Next Rank Challenge Date
19Draco93,3,9-Jul-2024,,-1.0,28-Aug-2024,0.0,0.0,0.0
6reen8ean,8,8-Nov-2023,,15340658.0,22-Sep-2024,2.0,0.0,0.0
710 LABZ,2,30-Sep-2024,,125637512.0,0,2.0,0.0,0
8zrael,1,16-Jul-2024,,-1.0,0,0.0,0.0,0
AfterParty32,4,20-Jul-2022,,50082684.0,02-Jan-2024,0.0,0.0,0.0
ALLis York,3,4-Apr-2022,,48792366.0,,0.0,0.0,0.0
AmirDragon,1,10-Jul-2024,,-1.0,0,0.0,0.0,0
ANGELirl,4,16-Jul-2024,,77221586.0,09-Oct-2024,2.0,0.0,0.0
astott2016,1,8-Jul-2024,,-1.0,0,0.0,0.0,0
AzGenesi,1,20-Oct-2024,,-1.0,0,0.0,0.0,0
Back2Tangier,1,28-Jan-2024,,-1.0,,0.0,0.0,0.0
Bahamut277,10,14-Apr-2024,,111378365.0,22-Sep-2024,2.0,0.0,0.0
Baldrs Fate,9,21-Apr-2023,,22932096.0,22-Sep-2024,2.0,0.0,0.0
BaxkinFTW,3,6-Jan-2022,,-1.0,,0.0,0.0,0.0
beauxzo,13,20-Apr-2023,,233885532.0,14-Mar-2024,14.0,0.0,09-Apr-2024
Big Dook,11,31-Mar-2023,,209131253.0,,14.0,0.0,0.0
BirdtalonIM,2,27-Oct-2024,,98458272.0,0,1.0,0.0,0
Bl00d Tw1n,10,15-Aug-2022,,89409272.0,22-Sep-2024,2.0,0.0,0.0
Bleeblee69,9,23-Feb-2022,,35061842.0,22-Sep-2024,1.0,0.0,0.0
Bomby78,9,23-Mar-2024,,27506552.0,22-Sep-2024,2.0,0.0,0.0
boringboring,3,27-Jul-2024,,6733166.0,28-Aug-2024,0.0,0.0,0.0
BreadyMaggot,9,18-Jun-2023,,43162513.0,22-Sep-2024,2.0,0.0,0.0
Cack a letta,1,12-Oct-2024,,5870575.0,0,1.0,0.0,0
CalamiTony,9,6-Apr-2022,,-1.0,22-Sep-2024,2.0,0.0,0.0
Captcha Code,2,9-Jul-2024,,78271476.0,0,0.0,0.0,0
ch ub,14,12-Aug-2022,,514482264.0,,14.0,0.0,0.0
Clue Scr Guy,3,10-Feb-2022,,-1.0,,0.0,0.0,0.0
Colemanbro96,1,19-Jan-2023,SpankMe_Ky,-1.0,,0.0,0.0,0.0
Coty Hill1,3,13-Aug-2022,,-1.0,,0.0,0.0,0.0
CousinVinnys,1,31-Aug-2023,,19674114.0,,0.0,0.0,0.0
Crazyphuq,10,10-May-2024,,238180268.0,22-Sep-2024,2.0,0.0,0.0
Crinkle Fry,10,18-Nov-2023,,208733547.0,22-Sep-2024,2.0,0.0,0.0
CV6 66,10,15-Oct-2023,,348389791.0,22-Sep-2024,2.0,0.0,0.0
Darth Sucky,10,17-Feb-2023,,57733718.0,22-Sep-2024,3.0,0.0,0.0
datbishwells,9,14-Mar-2024,Senior Wells,45760335.0,22-Sep-2024,2.0,0.0,0.0
DeadDefender,3,9-Sep-2024,,71654901.0,29-Oct-2024,0.0,0.0,0.0
DeBo4,2,24-Aug-2023,,110333759.0,,0.0,0.0,0.0
DemonCookiee,1,21-Apr-2023,,-1.0,,0.0,0.0,0.0
Denian Tm,1,27-Apr-2023,,-1.0,,0.0,0.0,0.0
Derpfull,10,18-Mar-2024,,44385337.0,22-Sep-2024,2.0,0.0,0.0
desow666,1,6-Sep-2023,,-1.0,,0.0,0.0,0.0
Diaskori,1,8-Jul-2024,,-1.0,0,0.0,0.0,0
DiBiCosta,11,18-Jan-2022,,130241817.0,,14.0,0.0,0.0
Djfrogwater,3,20-Jan-2022,,-1.0,,0.0,0.0,0.0
dog_dj,10,23-Apr-2022,,149717992.0,22-Sep-2024,2.0,0.0,0.0
don cruz1,2,19-Jul-2024,,153660329.0,0,0.0,0.0,0
don cruz2,4,17-Jun-2024,,76550906.0,09-Oct-2024,0.0,0.0,0.0
DonkeyPaper,3,10-Jan-2022,,-1.0,,0.0,0.0,0.0
DottyCarrot6,4,18-Apr-2022,,-1.0,,0.0,0.0,0.0
Dr Chub,4,26-May-2023,ch ub,52931115.0,08-Jul-2024,0.0,0.0,0.0
DragonicRage,9,25-Mar-2023,,48116606.0,22-Sep-2024,2.0,0.0,0.0
DRJWHALE,3,5-Sep-2023,,1154416.0,,1.0,0.0,0.0
Droger btw,3,9-Jun-2024,,118121067.0,18-Jul-2024,0.0,0.0,0.0
Droger HCbtw,3,25-Aug-2024,,25429720.0,22-Sep-2024,2.0,0.0,0.0
Dry Defender,10,2-Jun-2024,,684907492.0,22-Sep-2024,2.0,0.0,0.0
E1 KUL,10,16-Jun-2023,,91063328.0,22-Sep-2024,2.0,0.0,0.0
E2 KUL,4,1-Jun-2023,,43663269.0,18-May-2024,0.0,0.0,0.0
EETS4DAYZ,10,5-Apr-2022,,130376026.0,22-Sep-2024,2.0,0.0,0.0
Elindis,4,27-Jul-2024,,247013532.0,09-Oct-2024,1.0,0.0,0.0
ello im matt,10,4-Apr-2022,,128940651.0,22-Sep-2024,2.0,0.0,0.0
Eluhawk,9,21-Apr-2023,,15066469.0,22-Sep-2024,2.0,0.0,0.0
ExaUchiha,3,31-Jul-2024,,39671766.0,0,0.0,0.0,0
ExExitium,11,6-Jan-2022,,124298166.0,,14.0,0.0,0.0
exper15,10,26-Apr-2023,,90603602.0,22-Sep-2024,2.0,0.0,0.0
ExQuadrivium,3,8-Sep-2022,ExExitium,-1.0,,0.0,0.0,0.0
Exxeptional,4,24-Apr-2022,,32885469.0,,0.0,0.0,0.0
F3ARL3SSxX,10,28-Mar-2024,,57047504.0,22-Sep-2024,2.0,0.0,0.0
FakeDrXenome,10,19-Oct-2023,,199332306.0,22-Sep-2024,2.0,0.0,0.0
FangCutter25,3,6-Jan-2022,,-1.0,,0.0,0.0,0.0
Fingerblast,11,25-Feb-2023,,306656329.0,,14.0,0.0,0.0
FL N,2,25-Aug-2024,,50841231.0,0,0.0,0.0,0
Fortruin1005,1,11-Feb-2023,,-1.0,,0.0,0.0,0.0
Frawwg,3,23-Apr-2023,,-1.0,,0.0,0.0,0.0
Fringe117,D,6-Jan-2022,,110688971.0,,14.0,0.0,0.0
FuzRoJods,1,15-Nov-2023,,-1.0,,0.0,0.0,0.0
Gebuccino,1,6-Oct-2024,,-1.0,0,0.0,0.0,0
GIM Breaux,7,29-May-2023,beauxzo,9265639.0,09-Oct-2024,1.0,0.0,0.0
GIM Lunur,1,1-Dec-2023,Stinky Queso,8901235.0,,0.0,0.0,0.0
GIM Sean K,10,7-Feb-2024,,185559109.0,22-Sep-2024,2.0,0.0,0.0
GrayBush320,4,30-Nov-2022,,43166037.0,,0.0,0.0,0.0
GreatDroliux,1,1-Jun-2024,,-1.0,0,0.0,0.0,0
GreyCopium,10,3-Mar-2024,thoughtz,110906542.0,22-Sep-2024,2.0,0.0,0.0
HamletAffair,3,19-Aug-2022,,-1.0,,0.0,0.0,0.0
Hc walnut117,7,28-Mar-2022,Fringe117,4243013.0,22-Sep-2024,2.0,0.0,0.0
HeavensLgnd,3,10-Jun-2024,,105674296.0,18-Jul-2024,0.0,0.0,0.0
HentaiSinpai,3,23-Dec-2023,,94512242.0,28-Aug-2024,0.0,0.0,0.0
HighKingKrim,10,8-Aug-2022,,50867909.0,22-Sep-2024,2.0,0.0,0.0
HotPotLuvr,1,21-Sep-2023,KBBQLuvr,12683470.0,,0.0,0.0,0.0
hsmpower,1,2-Oct-2022,,-1.0,,0.0,0.0,0.0
iAmLO0T,11,10-Mar-2022,,198975091.0,,14.0,0.0,0.0
IcarusOfHell,9,1-Mar-2022,,20251243.0,22-Sep-2024,2.0,0.0,0.0
iiDontNeediT,3,28-May-2024,,-1.0,08-Jul-2024,0.0,0.0,0.0
ikey14,2,30-Sep-2024,,205114716.0,0,2.0,0.0,0
IM KBBQLuvr,1,18-Nov-2023,Fringe117,-1.0,,0.0,0.0,0.0
IM Stann95,1,25-Aug-2024,,-1.0,0,0.0,0.0,0
IronFrogLord,1,22-Sep-2024,,-1.0,0,0.0,0.0,0
ironmanspi,8,13-Feb-2023,,14578649.0,22-Sep-2024,2.0,0.0,0.0
IronSaph,A,16-Feb-2023,Saphadreus,-1.0,,14.0,0.0,0.0
ISimplyAm,10,10-Sep-2023,,73726031.0,09-Oct-2024,1.0,0.0,0.0
Its Mattg,9,14-Jan-2023,ello im matt,61711041.0,22-Sep-2024,2.0,0.0,0.0
ItsmeCrazy,2,15-May-2024,Crazyphuq,268723152.0,0,0.0,0.0,0
Jay Templar,1,30-Aug-2023,,-1.0,,0.0,0.0,0.0
JoeBruceMock,10,9-Feb-2024,,91803574.0,22-Sep-2024,2.0,0.0,0.0
JohnnyJC07,2,23-Sep-2024,,85898447.0,0,2.0,0.0,0
Joneldenring,2,8-Jul-2024,,29894439.0,0,0.0,0.0,0
Kan1211,10,29-Apr-2024,,92666689.0,22-Sep-2024,2.0,0.0,0.0
KBBQLuvr,11,4-May-2023,,177075315.0,10-Mar-2024,14.0,0.0,0.0
kcis_epod,10,28-Dec-2023,,256595102.0,22-Sep-2024,2.0,0.0,0.0
KingKrust200,4,13-Jun-2023,,31564054.0,19-Jun-2024,2.0,0.0,0.0
Kylo Renatta,1,22-Mar-2024,ren ah ta,-1.0,0,0.0,0.0,0
l chub l,3,26-Mar-2023,ch ub,6191880.0,08-May-2024,0.0,0.0,0.0
L0zen,3,26-Mar-2024,,12063418.0,18-Apr-2024,0.0,0.0,0.0
L1ZARDQUEEEN,1,8-Jul-2024,,-1.0,0,0.0,0.0,0
LastOneSorry,1,16-Oct-2024,,-1.0,0,0.0,0.0,0
LetsParty69,3,25-Aug-2024,,2071218.0,22-Sep-2024,2.0,0.0,0.0
lighonhife,9,30-Nov-2022,,17470941.0,29-Oct-2024,0.0,0.0,0.0
Limp Toasty,1,22-Sep-2024,,-1.0,0,0.0,0.0,0
lM Fin,10,25-Oct-2022,,110578858.0,22-Sep-2024,2.0,0.0,0.0
loam_luvr,9,8-Jan-2023,,28366399.0,22-Sep-2024,2.0,0.0,0.0
LowerEuw,1,6-May-2023,,-1.0,,0.0,0.0,0.0
lronman Mils,3,18-Jan-2022,Mage Mils,-1.0,,0.0,0.0,0.0
Lynxx affect,2,1-Jun-2023,,147979022.0,,0.0,0.0,0.0
Macdeez,4,29-Jun-2023,,13419248.0,18-Jul-2024,0.0,0.0,0.0
Main Mils,11,21-Apr-2022,,154214589.0,,14.0,0.0,0.0
Marshmelona,11,6-Aug-2022,,116176760.0,19-Jun-2024,10.0,0.0,0.0
MasterCrob,7,4-Apr-2022,,4855766.0,22-Sep-2024,2.0,0.0,0.0
Mavis4100,3,6-Jan-2022,,-1.0,,0.0,0.0,0.0
Mcjiffy73,1,21-Apr-2023,,9881651.0,,0.0,0.0,0.0
mcTRAPalot5,1,31-Jul-2023,,43427644.0,,0.0,0.0,0.0
metaGoose,O,6-Jan-2022,,277858828.0,,13.0,0.0,0.0
metaHorse,D,4-Apr-2022,metaGoose,-1.0,,0.0,0.0,0.0
MidKnight56,1,25-Aug-2024,,-1.0,0,0.0,0.0,0
Mini Fringe,3,30-Mar-2022,Fringe117,-1.0,,0.0,0.0,0.0
Minor Mils,10,29-Nov-2022,Mage Mils,-1.0,22-Sep-2024,2.0,0.0,0.0
Monkfishh,1,21-Sep-2024,,10544324.0,0,2.0,0.0,0
monkof,3,23-Oct-2023,,44738553.0,,0.0,0.0,0.0
MooPooCow,3,27-Aug-2022,,-1.0,,0.0,0.0,0.0
MrMustard66,8,20-Apr-2022,,7116262.0,09-Oct-2024,1.0,0.0,0.0
Mud512,1,29-Nov-2022,,-1.0,,0.0,0.0,0.0
Nanadaime7,10,29-Aug-2023,,395882433.0,22-Sep-2024,2.0,0.0,0.0
Nans Eggs,3,5-Dec-2023,,-1.0,19-Jun-2024,0.0,0.0,0.0
nav enjoyer,10,7-Nov-2023,,135535838.0,22-Sep-2024,2.0,0.0,0.0
Nesqikii,1,2-Aug-2023,,-1.0,,0.0,0.0,0.0
NicholasNsav,4,7-Jul-2022,,-1.0,,0.0,0.0,0.0
No Motive,2,6-Oct-2024,,64299356.0,0,2.0,0.0,0
No Name Joey,8,5-Apr-2022,,12816026.0,22-Sep-2024,2.0,0.0,0.0
NoLogoOnFoam,12,6-Aug-2022,,342315533.0,,14.0,0.0,0.0
Not Exa,1,31-Jul-2024,,-1.0,0,0.0,0.0,0
numavg,3,30-Mar-2022,,-1.0,,0.0,0.0,0.0
o Mivk o,3,21-Feb-2024,,24591690.0,18-Mar-2024,0.0,0.0,0.0
old rnguice,2,22-Jul-2024,,-1.0,0,0.0,0.0,0
Olertomb,3,25-Aug-2024,,495677047.0,22-Sep-2024,0.0,0.0,0.0
OSRwutt,1,5-Sep-2023,,-1.0,,0.0,0.0,0.0
P Walrus,3,15-Sep-2024,,5950823.0,29-Oct-2024,0.0,0.0,0.0
PaddyBern,10,26-May-2024,,71732593.0,22-Sep-2024,2.0,0.0,0.0
parks01,2,30-Nov-2022,,-1.0,,0.0,0.0,0.0
Partyarty43,9,25-Jun-2023,AfterParty32,54291802.0,22-Sep-2024,2.0,0.0,0.0
Persecutor,9,18-Mar-2024,,26441495.0,22-Sep-2024,2.0,0.0,0.0
PlatinumTome,2,7-Oct-2024,,107146613.0,0,2.0,0.0,0
psimalc444,10,19-Apr-2023,,87514893.0,22-Sep-2024,2.0,0.0,0.0
QuestPapii,1,4-Sep-2024,,4410326.0,0,2.0,0.0,0
R3liablereap,1,20-Sep-2024,,-1.0,0,0.0,0.0,0
Radeheart,10,23-Jan-2022,,100102174.0,22-Sep-2024,2.0,0.0,0.0
ren ah ta,10,9-Nov-2023,,72607885.0,22-Sep-2024,2.0,0.0,0.0
riddertjes,9,19-Aug-2022,,20375580.0,22-Sep-2024,2.0,0.0,0.0
ryry1555,2,29-Sep-2024,,111218564.0,0,2.0,0.0,0
Saphadreus,A,6-Jan-2022,,-1.0,,14.0,0.0,0.0
Sativa Shane,3,12-Feb-2022,,65419077.0,,0.0,0.0,0.0
ScapesRuneJr,1,23-Jul-2024,,-1.0,0,0.0,0.0,0
SceneUrWells,3,25-Aug-2024,,420747994.0,22-Sep-2024,2.0,0.0,0.0
seasearige,3,3-Feb-2023,,-1.0,,0.0,0.0,0.0
second beth,1,8-Oct-2023,thatbishbeth,-1.0,,0.0,0.0,0.0
Senior Wells,10,9-Sep-2023,,1384950756.0,22-Sep-2024,2.0,0.0,0.0
SharedXPOnly,1,16-Mar-2024,KBBQLuvr,-1.0,0,0.0,0.0,0
Sifu Yhorm,3,6-Jan-2022,,-1.0,,0.0,0.0,0.0
SIoWKiLL420,7,3-Jun-2023,,-1.0,09-Oct-2024,1.0,0.0,0.0
Skengmon,9,2-Mar-2022,,67657951.0,22-Sep-2024,2.0,0.0,0.0
SlaYYuM,11,28-May-2023,,122503119.0,,14.0,0.0,0.0
Smergler,2,19-Feb-2023,,70039755.0,,0.0,0.0,0.0
Sol_TheGuy,10,30-Nov-2023,,192108666.0,22-Sep-2024,2.0,0.0,0.0
Spaarkie101,8,5-Jul-2022,,15294484.0,22-Sep-2024,2.0,0.0,0.0
Spanjor IV,10,21-Jun-2024,,233028774.0,09-Oct-2024,1.0,0.0,0.0
SporkMe,3,8-Jan-2022,,-1.0,,0.0,0.0,0.0
Spraguey,14,27-Apr-2022,,265892859.0,,14.0,2.0,24-Mar-2024
sstrunks_107,3,18-May-2024,Nanadaime7,50655214.0,19-Jun-2024,1.0,0.0,0.0
stann95,10,25-Jul-2023,,132857044.0,22-Sep-2024,2.0,0.0,0.0
Stinky Leche,1,19-Jul-2024,,-1.0,0,0.0,0.0,0
Stinky Queso,10,24-Oct-2023,,72328211.0,22-Sep-2024,2.0,0.0,0.0
STLCKY VLCKY,10,30-Mar-2024,,217394643.0,22-Sep-2024,2.0,0.0,0.0
Stonks 1 Woe,3,2-May-2024,,153317258.0,29-May-2024,0.0,0.0,0.0
Surhayden,9,6-Aug-2022,,26684496.0,22-Sep-2024,2.0,0.0,0.0
Ten Kall-El,3,6-Jan-2022,,5803423.0,,1.0,0.0,0.0
thatbishbeth,12,28-Apr-2022,,356898143.0,,26.0,0.0,0.0
TheFrohgLord,8,8-Jul-2024,,19834381.0,29-Oct-2024,0.0,0.0,0.0
This One FR,1,17-Oct-2024,,1592235.0,0,1.0,0.0,0
thoughtz,10,15-Feb-2023,,750489420.0,22-Sep-2024,2.0,0.0,0.0
Vellynn XI,3,25-Aug-2024,,132512642.0,22-Sep-2024,2.0,0.0,0.0
voidsonic,8,21-Apr-2023,,19125992.0,22-Sep-2024,2.0,0.0,0.0
Walnut117,3,7-Jan-2022,Fringe117,-1.0,,0.0,0.0,0.0
Willpb,8,6-Sep-2023,,21282264.0,22-Sep-2024,2.0,0.0,0.0
Xatnam,3,25-Aug-2024,,52955594.0,22-Sep-2024,2.0,0.0,0.0
xBlueDemon,4,11-Nov-2023,,189802872.0,22-Sep-2024,0.0,0.0,0.0
ZingRS,8,29-Nov-2022,,24091019.0,22-Sep-2024,2.0,0.0,0.0
ZK Daddy,3,18-Jan-2022,,-1.0,,0.0,0.0,0.0
zKable,9,1-May-2024,,46381621.0,22-Sep-2024,2.0,0.0,0.0
Zomgizrawr,8,9-Oct-2022,Coty Hill1,17702311.0,22-Sep-2024,2.0,0.0,0.0
